<?xml version="1.0" encoding="UTF-8"?>
<GenRun Id="uproc_top_level_blk_mem_gen_0_1_synth_1" LaunchPart="xc7k70tfbv676-1" LaunchTime="1713415899">
  <File Type="PA-TCL" Name="uproc_top_level_blk_mem_gen_0_1.tcl"/>
  <File Type="RDS-PROPCONSTRS" Name="uproc_top_level_blk_mem_gen_0_1_drc_synth.rpt"/>
  <File Type="REPORTS-TCL" Name="uproc_top_level_blk_mem_gen_0_1_reports.tcl"/>
  <File Type="RDS-RDS" Name="uproc_top_level_blk_mem_gen_0_1.vds"/>
  <File Type="RDS-UTIL" Name="uproc_top_level_blk_mem_gen_0_1_utilization_synth.rpt"/>
  <File Type="RDS-UTIL-PB" Name="uproc_top_level_blk_mem_gen_0_1_utilization_synth.pb"/>
  <File Type="RDS-DCP" Name="uproc_top_level_blk_mem_gen_0_1.dcp"/>
  <File Type="VDS-TIMINGSUMMARY" Name="uproc_top_level_blk_mem_gen_0_1_timing_summary_synth.rpt"/>
  <File Type="VDS-TIMING-PB" Name="uproc_top_level_blk_mem_gen_0_1_timing_summary_synth.pb"/>
  <FileSet Name="sources" Type="BlockSrcs" RelSrcDir="$PSRCDIR/uproc_top_level_blk_mem_gen_0_1" RelGenDir="$PGENDIR/uproc_top_level_blk_mem_gen_0_1">
    <File Path="$PSRCDIR/sources_1/bd/uproc_top_level/ip/uproc_top_level_blk_mem_gen_0_1/uproc_top_level_blk_mem_gen_0_1.xci">
      <FileInfo>
        <Attr Name="UsedIn" Val="synthesis"/>
        <Attr Name="UsedIn" Val="implementation"/>
        <Attr Name="UsedIn" Val="simulation"/>
      </FileInfo>
    </File>
    <Config>
      <Option Name="TopModule" Val="uproc_top_level_blk_mem_gen_0_1"/>
      <Option Name="UseBlackboxStub" Val="1"/>
    </Config>
  </FileSet>
  <FileSet Name="constrs_in" Type="BlockSrcs" RelSrcDir="$PSRCDIR/uproc_top_level_blk_mem_gen_0_1" RelGenDir="$PGENDIR/uproc_top_level_blk_mem_gen_0_1">
    <File Path="$PSRCDIR/sources_1/bd/uproc_top_level/ip/uproc_top_level_blk_mem_gen_0_1/uproc_top_level_blk_mem_gen_0_1.xci">
      <FileInfo>
        <Attr Name="UsedIn" Val="synthesis"/>
        <Attr Name="UsedIn" Val="implementation"/>
        <Attr Name="UsedIn" Val="simulation"/>
      </FileInfo>
    </File>
    <Config>
      <Option Name="TopModule" Val="uproc_top_level_blk_mem_gen_0_1"/>
      <Option Name="UseBlackboxStub" Val="1"/>
    </Config>
  </FileSet>
  <FileSet Name="utils" Type="Utils" RelSrcDir="$PSRCDIR/utils_1" RelGenDir="$PGENDIR/utils_1">
    <Filter Type="Utils"/>
    <Config>
      <Option Name="TopAutoSet" Val="TRUE"/>
    </Config>
  </FileSet>
  <Strategy Version="1" Minor="2">
    <StratHandle Name="Vivado Synthesis Defaults" Flow="Vivado Synthesis 2023">
      <Desc>Vivado Synthesis Defaults</Desc>
    </StratHandle>
    <Step Id="synth_design"/>
  </Strategy>
</GenRun>
